<?xml version="1.0" encoding="utf-8"?><App xmlns="http://schemas.microsoft.com/sharepoint/2012/app/manifest" Name="delphi-pageheirarchy-client-side-solution" ProductID="23d82f88-8d0b-42f7-bb5b-c3b3b2d4d560" SharePointMinVersion="16.0.0.0" IsClientSideSolution="true" Version="1.0.0.0" SkipFeatureDeployment="true" IsDomainIsolated="false"><Properties><Title>delphi-pageheirarchy-client-side-solution</Title><DeveloperProperties>{&quot;name&quot;:&quot;&quot;,&quot;websiteUrl&quot;:&quot;&quot;,&quot;privacyUrl&quot;:&quot;&quot;,&quot;termsOfUseUrl&quot;:&quot;&quot;,&quot;mpnId&quot;:&quot;Undefined-1.16.1&quot;}</DeveloperProperties><ShortDescription><LocalizedString CultureName="default">delphi-pageheirarchy description</LocalizedString></ShortDescription><LongDescription><LocalizedString CultureName="default">delphi-pageheirarchy description</LocalizedString></LongDescription><Screenshots></Screenshots></Properties></App>